cv_fold,median_spearman,mean_spearman
0,0.5546798035400118,0.5339323173361422
1,0.5818340443304406,0.5649541949715216
2,0.6122034314235227,0.5841977822714529
3,0.6277229024986022,0.5960821003999588
4,0.6311043574565245,0.6152665388018289
Overall_Mean,0.6015089078498204,0.5788865867561809
Overall_Std,0.02918048064135666,0.027793500240340777
