cv_fold,median_spearman,mean_spearman
0,0.490792458850474,0.48274425657030834
1,0.46441449411930835,0.44552554779111986
2,0.504431790996006,0.4943605468528683
3,0.5118287753127417,0.4878483059308314
4,0.5527836945652765,0.5397348082770645
Overall_Mean,0.5048502427687613,0.49004269308443843
Overall_Std,0.02891076573533589,0.03009255359413656
