cv_fold,median_spearman,mean_spearman
0,0.5980751833532795,0.5852508643306099
1,0.5668678997652985,0.5432996964879644
2,0.6720540294886991,0.6770281158057737
3,0.6361130275468223,0.6484799555857285
4,0.5950639181350483,0.5851948626306396
Overall_Mean,0.6136348116578295,0.6078506989681433
Overall_Std,0.03658469452844111,0.04822265621181921
