cv_fold,median_spearman,mean_spearman
0,0.7582592945075692,0.7426291850669533
1,0.7538008620775789,0.7390998427488558
2,0.7702705391714598,0.7546077423566045
3,0.725771252692377,0.7167298043525429
4,0.7491121056402255,0.7359241255196122
Overall_Mean,0.7514428108178421,0.7377981400089137
Overall_Std,0.014635363294483585,0.012288066203427572
