cv_fold,median_spearman,mean_spearman
0,0.7030078762726975,0.6781602714579507
1,0.6607981918136521,0.6190049356638789
2,0.6830834399902256,0.6314663122220939
3,0.605642728836546,0.5800186105612973
4,0.698093091985822,0.6460490585961653
Overall_Mean,0.6701250657797886,0.6309398377002773
Overall_Std,0.03542985050375942,0.03222963963721498
