cv_fold,median_spearman,mean_spearman
0,0.3213497309403717,0.327071985454665
1,0.35402915206730456,0.3678891554769194
2,0.43819881137684,0.3772410080428041
3,0.35120497121295924,0.3585708920247268
4,0.40169175333281926,0.3879800433993181
Overall_Mean,0.37329488378605896,0.3637506168796867
Overall_Std,0.04141577858032634,0.020776596534132327
