cv_fold,median_spearman,mean_spearman
0,0.68000011937168,0.6618948600332414
1,0.680901356632734,0.6669037450141121
2,0.7062913117913153,0.6710654434961238
3,0.6943054888047533,0.6853635961486821
4,0.7440878766630431,0.7349439361958129
Overall_Mean,0.7011172306527051,0.6840343161775945
Overall_Std,0.023555302215952895,0.026628406039505944
