cv_fold,median_spearman,mean_spearman
0,0.6416411725825999,0.647894440236619
1,0.48625772168598536,0.502857260180706
2,0.5038458180350955,0.4614225243620212
3,0.7163708092709762,0.6634717072054077
4,0.5233981816240911,0.5402874453834162
Overall_Mean,0.5743027406397496,0.5631866754736341
Overall_Std,0.08947086450369679,0.0796899598950364
